{
  "Login Form" : {
    "transaction" : "Login Form",
    "sampleCount" : 11,
    "errorCount" : 0,
    "errorPct" : 0.0,
    "meanResTime" : 35.90909090909091,
    "medianResTime" : 9.0,
    "minResTime" : 7.0,
    "maxResTime" : 299.0,
    "pct1ResTime" : 242.4000000000002,
    "pct2ResTime" : 299.0,
    "pct3ResTime" : 299.0,
    "throughput" : 2.1117296985985794,
    "receivedKBytesPerSec" : 8.125209973123441,
    "sentKBytesPerSec" : 0.30314869696678826
  },
  "ToDoList" : {
    "transaction" : "ToDoList",
    "sampleCount" : 10,
    "errorCount" : 0,
    "errorPct" : 0.0,
    "meanResTime" : 8.9,
    "medianResTime" : 8.0,
    "minResTime" : 8.0,
    "maxResTime" : 14.0,
    "pct1ResTime" : 13.500000000000002,
    "pct2ResTime" : 14.0,
    "pct3ResTime" : 14.0,
    "throughput" : 2.134927412467976,
    "receivedKBytesPerSec" : 6.548639650939368,
    "sentKBytesPerSec" : 0.30439394748078563
  },
  "Total" : {
    "transaction" : "Total",
    "sampleCount" : 46,
    "errorCount" : 0,
    "errorPct" : 0.0,
    "meanResTime" : 170.36956521739134,
    "medianResTime" : 222.0,
    "minResTime" : 7.0,
    "maxResTime" : 1999.0,
    "pct1ResTime" : 225.0,
    "pct2ResTime" : 275.5499999999999,
    "pct3ResTime" : 1999.0,
    "throughput" : 5.3068758652515,
    "receivedKBytesPerSec" : 12.902725001442088,
    "sentKBytesPerSec" : 0.6846527817835718
  },
  "Transaction Controller" : {
    "transaction" : "Transaction Controller",
    "sampleCount" : 5,
    "errorCount" : 0,
    "errorPct" : 0.0,
    "meanResTime" : 239.2,
    "medianResTime" : 239.0,
    "minResTime" : 238.0,
    "maxResTime" : 241.0,
    "pct1ResTime" : 241.0,
    "pct2ResTime" : 241.0,
    "pct3ResTime" : 241.0,
    "throughput" : 1.021450459652707,
    "receivedKBytesPerSec" : 8.65020907814096,
    "sentKBytesPerSec" : 0.4119717185903984
  },
  "Home Page" : {
    "transaction" : "Home Page",
    "sampleCount" : 25,
    "errorCount" : 0,
    "errorPct" : 0.0,
    "meanResTime" : 294.12,
    "medianResTime" : 223.0,
    "minResTime" : 221.0,
    "maxResTime" : 1999.0,
    "pct1ResTime" : 227.8,
    "pct2ResTime" : 1468.8999999999987,
    "pct3ResTime" : 1999.0,
    "throughput" : 2.8841716658975542,
    "receivedKBytesPerSec" : 4.481169062932626,
    "sentKBytesPerSec" : 0.33798886709736964
  }
}